experiment	run	organism	tissue	description	assayId	assayName	platform	readlength	readsfileurl	readsfiles3url	readsfile	md5sum	readsfile2url	readsfile2	readsfile2s3url	md5sum2	who	status
ENCSR693GGB	ENCSR693GGB_1_1	human	testis	RNA-seq of human testis tissue. The second technical replicate was performed in May 2015 and was not part of the original Lin et al. 2014 publication (PMID:25413365).	OBI:0002571	polyA plus RNA-seq	Illumina HiSeq 2000	100	https://www.encodeproject.org/files/ENCFF016TGP/@@download/ENCFF016TGP.fastq.gz	ENCFF016TGP.fastq.gz	s3://encode-public/2014/12/03/7e1e3498-0117-420c-ad3f-acdcb6262f8c/ENCFF016TGP.fastq.gz	780b6a9c4b922f542c93909a4a876cdd	https://www.encodeproject.org/files/ENCFF016TGP/@@download/ENCFF016TGP.fastq.gz	ENCFF016TGP.fastq.gz	s3://encode-public/2014/12/03/7e1e3498-0117-420c-ad3f-acdcb6262f8c/ENCFF016TGP.fastq.gz	780b6a9c4b922f542c93909a4a876cdd		
ENCSR693GGB	ENCSR693GGB_1_2	human	testis	RNA-seq of human testis tissue. The second technical replicate was performed in May 2015 and was not part of the original Lin et al. 2014 publication (PMID:25413365).	OBI:0002571	polyA plus RNA-seq	Illumina HiSeq 2500	101	https://www.encodeproject.org/files/ENCFF034BHU/@@download/ENCFF034BHU.fastq.gz	ENCFF034BHU.fastq.gz	s3://encode-public/2015/05/27/ec846914-d70b-4ed7-a2cc-d0e44f90f725/ENCFF034BHU.fastq.gz	172210305cace5fb9ab59263d8eb5b94	https://www.encodeproject.org/files/ENCFF034BHU/@@download/ENCFF034BHU.fastq.gz	ENCFF034BHU.fastq.gz	s3://encode-public/2015/05/27/ec846914-d70b-4ed7-a2cc-d0e44f90f725/ENCFF034BHU.fastq.gz	172210305cace5fb9ab59263d8eb5b94		
ENCSR000COV	ENCSR000COV_2_1	human	H1	The libraries contained in this experiment come from the cytoplasmic fraction of independent growths of the human embryonic stem cell line H1-hESC. They are stranded PE76 Illumina GAIIx RNA-Seq libraries from rRNA-depleted Poly-A+ RNA > 200 nucleotides in size.	OBI:0002571	polyA plus RNA-seq	Illumina Genome Analyzer IIx	76	https://www.encodeproject.org/files/ENCFF000FHG/@@download/ENCFF000FHG.fastq.gz	ENCFF000FHG.fastq.gz	s3://encode-public/2011/07/13/f9d7f183-354a-4354-b86a-133fce4cd464/ENCFF000FHG.fastq.gz	1baa03edae04f55a2ac39d56df382866	https://www.encodeproject.org/files/ENCFF000FHG/@@download/ENCFF000FHG.fastq.gz	ENCFF000FHG.fastq.gz	s3://encode-public/2011/07/13/f9d7f183-354a-4354-b86a-133fce4cd464/ENCFF000FHG.fastq.gz	1baa03edae04f55a2ac39d56df382866		
ENCSR962TBJ	ENCSR962TBJ_1_1	human	H1	RNA-seq on human H1-hESC (paired-ended, insert length is 400)	OBI:0002571	polyA plus RNA-seq	Illumina Genome Analyzer IIx	101	https://www.encodeproject.org/files/ENCFF000DJL/@@download/ENCFF000DJL.fastq.gz	ENCFF000DJL.fastq.gz	s3://encode-public/2012/03/23/9ee979ac-96bb-483e-9e54-e639f90c6aa5/ENCFF000DJL.fastq.gz	551d99d6a63b9d2612806355c20a40d2	https://www.encodeproject.org/files/ENCFF000DJL/@@download/ENCFF000DJL.fastq.gz	ENCFF000DJL.fastq.gz	s3://encode-public/2012/03/23/9ee979ac-96bb-483e-9e54-e639f90c6aa5/ENCFF000DJL.fastq.gz	551d99d6a63b9d2612806355c20a40d2		
ENCSR962TBJ	ENCSR962TBJ_1_1	human	H1	RNA-seq on human H1-hESC (paired-ended, insert length is 400)	OBI:0002571	polyA plus RNA-seq	Illumina Genome Analyzer IIx	76	https://www.encodeproject.org/files/ENCFF000DJM/@@download/ENCFF000DJM.fastq.gz	ENCFF000DJM.fastq.gz	s3://encode-public/2012/3/23/3a1d908f-7694-4004-826c-6e66b70be3a8/ENCFF000DJM.fastq.gz	4729f2d71e8462638b29f846da30e1b1	https://www.encodeproject.org/files/ENCFF000DJM/@@download/ENCFF000DJM.fastq.gz	ENCFF000DJM.fastq.gz	s3://encode-public/2012/3/23/3a1d908f-7694-4004-826c-6e66b70be3a8/ENCFF000DJM.fastq.gz	4729f2d71e8462638b29f846da30e1b1		
ENCSR962TBJ	ENCSR962TBJ_1_1	human	H1	RNA-seq on human H1-hESC (paired-ended, insert length is 400)	OBI:0002571	polyA plus RNA-seq	Illumina Genome Analyzer IIx	76	https://www.encodeproject.org/files/ENCFF000DJN/@@download/ENCFF000DJN.fastq.gz	ENCFF000DJN.fastq.gz	s3://encode-public/2012/3/23/f3494f1a-a1c5-412d-a3da-2dcea5e76cf8/ENCFF000DJN.fastq.gz	87c2f47671d92095ec572d754bb81832	https://www.encodeproject.org/files/ENCFF000DJN/@@download/ENCFF000DJN.fastq.gz	ENCFF000DJN.fastq.gz	s3://encode-public/2012/3/23/f3494f1a-a1c5-412d-a3da-2dcea5e76cf8/ENCFF000DJN.fastq.gz	87c2f47671d92095ec572d754bb81832		
ENCSR000EYP	ENCSR000EYP_1_1	human	H1	RNA-seq on human H1-hESC (paired-ended)	OBI:0002571	polyA plus RNA-seq	Illumina Genome Analyzer IIx	76	https://www.encodeproject.org/files/ENCFF000DGR/@@download/ENCFF000DGR.fastq.gz	ENCFF000DGR.fastq.gz	s3://encode-public/2012/03/23/b6dbcf2c-a272-4242-a805-f977ce499218/ENCFF000DGR.fastq.gz	bee9125c85bd0df96b2f88940c5c10fa	https://www.encodeproject.org/files/ENCFF000DGR/@@download/ENCFF000DGR.fastq.gz	ENCFF000DGR.fastq.gz	s3://encode-public/2012/03/23/b6dbcf2c-a272-4242-a805-f977ce499218/ENCFF000DGR.fastq.gz	bee9125c85bd0df96b2f88940c5c10fa		
ENCSR000EYP	ENCSR000EYP_2_1	human	H1	RNA-seq on human H1-hESC (paired-ended)	OBI:0002571	polyA plus RNA-seq	Illumina Genome Analyzer IIx	76	https://www.encodeproject.org/files/ENCFF000DGT/@@download/ENCFF000DGT.fastq.gz	ENCFF000DGT.fastq.gz	s3://encode-public/2012/03/23/4ed53334-2c9a-4656-b106-e3b7fa8c416c/ENCFF000DGT.fastq.gz	08b65c4da2c07c3a3780b6151ba6d435	https://www.encodeproject.org/files/ENCFF000DGT/@@download/ENCFF000DGT.fastq.gz	ENCFF000DGT.fastq.gz	s3://encode-public/2012/03/23/4ed53334-2c9a-4656-b106-e3b7fa8c416c/ENCFF000DGT.fastq.gz	08b65c4da2c07c3a3780b6151ba6d435		
ENCSR000EYP	ENCSR000EYP_3_1	human	H1	RNA-seq on human H1-hESC (paired-ended)	OBI:0002571	polyA plus RNA-seq	Illumina Genome Analyzer IIx	76	https://www.encodeproject.org/files/ENCFF000DGV/@@download/ENCFF000DGV.fastq.gz	ENCFF000DGV.fastq.gz	s3://encode-public/2012/03/23/e89ef982-dfd2-47e1-8bac-4cfd900513e1/ENCFF000DGV.fastq.gz	a9c719ca72eeab1672cff53e412e5c2b	https://www.encodeproject.org/files/ENCFF000DGV/@@download/ENCFF000DGV.fastq.gz	ENCFF000DGV.fastq.gz	s3://encode-public/2012/03/23/e89ef982-dfd2-47e1-8bac-4cfd900513e1/ENCFF000DGV.fastq.gz	a9c719ca72eeab1672cff53e412e5c2b		
ENCSR000EYP	ENCSR000EYP_4_1	human	H1	RNA-seq on human H1-hESC (paired-ended)	OBI:0002571	polyA plus RNA-seq	Illumina Genome Analyzer IIx	101	https://www.encodeproject.org/files/ENCFF000DGX/@@download/ENCFF000DGX.fastq.gz	ENCFF000DGX.fastq.gz	s3://encode-public/2012/03/23/f7843d05-a2f5-4901-86d7-b70b48fb8a09/ENCFF000DGX.fastq.gz	cee9ff9004b100c0f0364f6d72ea3d38	https://www.encodeproject.org/files/ENCFF000DGX/@@download/ENCFF000DGX.fastq.gz	ENCFF000DGX.fastq.gz	s3://encode-public/2012/03/23/f7843d05-a2f5-4901-86d7-b70b48fb8a09/ENCFF000DGX.fastq.gz	cee9ff9004b100c0f0364f6d72ea3d38		
ENCSR000EYP	ENCSR000EYP_3_1	human	H1	RNA-seq on human H1-hESC (paired-ended)	OBI:0002571	polyA plus RNA-seq	Illumina Genome Analyzer IIx	76	https://www.encodeproject.org/files/ENCFF000DGW/@@download/ENCFF000DGW.fastq.gz	ENCFF000DGW.fastq.gz	s3://encode-public/2012/3/23/cb4f40c8-7707-445e-9ffb-ae1d84121886/ENCFF000DGW.fastq.gz	982d16e913eb9bc191cfadf40b2cf3b5	https://www.encodeproject.org/files/ENCFF000DGW/@@download/ENCFF000DGW.fastq.gz	ENCFF000DGW.fastq.gz	s3://encode-public/2012/3/23/cb4f40c8-7707-445e-9ffb-ae1d84121886/ENCFF000DGW.fastq.gz	982d16e913eb9bc191cfadf40b2cf3b5		
ENCSR000EYP	ENCSR000EYP_1_1	human	H1	RNA-seq on human H1-hESC (paired-ended)	OBI:0002571	polyA plus RNA-seq	Illumina Genome Analyzer IIx	76	https://www.encodeproject.org/files/ENCFF000DGS/@@download/ENCFF000DGS.fastq.gz	ENCFF000DGS.fastq.gz	s3://encode-public/2012/3/23/5244983e-8551-4f0b-8db3-4811a317b0d0/ENCFF000DGS.fastq.gz	2cfad52cb261577943dbe10ff08909f7	https://www.encodeproject.org/files/ENCFF000DGS/@@download/ENCFF000DGS.fastq.gz	ENCFF000DGS.fastq.gz	s3://encode-public/2012/3/23/5244983e-8551-4f0b-8db3-4811a317b0d0/ENCFF000DGS.fastq.gz	2cfad52cb261577943dbe10ff08909f7		
ENCSR000EYP	ENCSR000EYP_4_1	human	H1	RNA-seq on human H1-hESC (paired-ended)	OBI:0002571	polyA plus RNA-seq	Illumina Genome Analyzer IIx	101	https://www.encodeproject.org/files/ENCFF000DGY/@@download/ENCFF000DGY.fastq.gz	ENCFF000DGY.fastq.gz	s3://encode-public/2012/3/23/e04a66d8-906c-43c5-90fd-8e9cda6f5dd2/ENCFF000DGY.fastq.gz	09f5b301dba6825cd6c92e16fb7dc780	https://www.encodeproject.org/files/ENCFF000DGY/@@download/ENCFF000DGY.fastq.gz	ENCFF000DGY.fastq.gz	s3://encode-public/2012/3/23/e04a66d8-906c-43c5-90fd-8e9cda6f5dd2/ENCFF000DGY.fastq.gz	09f5b301dba6825cd6c92e16fb7dc780		
ENCSR000EYP	ENCSR000EYP_2_1	human	H1	RNA-seq on human H1-hESC (paired-ended)	OBI:0002571	polyA plus RNA-seq	Illumina Genome Analyzer IIx	76	https://www.encodeproject.org/files/ENCFF000DGU/@@download/ENCFF000DGU.fastq.gz	ENCFF000DGU.fastq.gz	s3://encode-public/2012/3/23/0529575e-0975-4c04-9dce-feaa5b74cd7b/ENCFF000DGU.fastq.gz	ccff57875421a556d51d7c913b61b5cc	https://www.encodeproject.org/files/ENCFF000DGU/@@download/ENCFF000DGU.fastq.gz	ENCFF000DGU.fastq.gz	s3://encode-public/2012/3/23/0529575e-0975-4c04-9dce-feaa5b74cd7b/ENCFF000DGU.fastq.gz	ccff57875421a556d51d7c913b61b5cc		
ENCSR000COW	ENCSR000COW_2_1	human	H1	The libraries contained in this experiment come from the nuclear fraction of independent growths of the human embryonic stem cell line H1-hESC. They are stranded PE76 Illumina GAIIx RNA-Seq libraries from rRNA-depleted Poly-A+ RNA > 200 nucleotides in size.	OBI:0002571	polyA plus RNA-seq	Illumina Genome Analyzer IIx	76	https://www.encodeproject.org/files/ENCFF000FJF/@@download/ENCFF000FJF.fastq.gz	ENCFF000FJF.fastq.gz	s3://encode-public/2011/07/13/80c7e9b0-15b3-481d-9a4d-e776d4fd1fd7/ENCFF000FJF.fastq.gz	3fdfe0196a4bb1c07f836a500b8c5b0c	https://www.encodeproject.org/files/ENCFF000FJF/@@download/ENCFF000FJF.fastq.gz	ENCFF000FJF.fastq.gz	s3://encode-public/2011/07/13/80c7e9b0-15b3-481d-9a4d-e776d4fd1fd7/ENCFF000FJF.fastq.gz	3fdfe0196a4bb1c07f836a500b8c5b0c		
ENCSR043RSE	ENCSR043RSE_1_1	human	H1		OBI:0002571	polyA plus RNA-seq	Illumina HiSeq 2000	101	https://www.encodeproject.org/files/ENCFF953ZDW/@@download/ENCFF953ZDW.fastq.gz	ENCFF953ZDW.fastq.gz	s3://encode-public/2017/04/26/9d0a6378-7d15-48aa-bd58-28657ab52a10/ENCFF953ZDW.fastq.gz	ed0981995648d20b2eafc2ee2c6b8245	https://www.encodeproject.org/files/ENCFF953ZDW/@@download/ENCFF953ZDW.fastq.gz	ENCFF953ZDW.fastq.gz	s3://encode-public/2017/04/26/9d0a6378-7d15-48aa-bd58-28657ab52a10/ENCFF953ZDW.fastq.gz	ed0981995648d20b2eafc2ee2c6b8245		
ENCSR670WQY	ENCSR670WQY_1_1	human	H1		OBI:0002571	polyA plus RNA-seq	Illumina HiSeq 2000	101	https://www.encodeproject.org/files/ENCFF565ZQD/@@download/ENCFF565ZQD.fastq.gz	ENCFF565ZQD.fastq.gz	s3://encode-public/2017/04/26/3a4ae991-2077-4692-bfaf-8360c12b18c8/ENCFF565ZQD.fastq.gz	b2714e69f1d4187a1811c5566df73e8d	https://www.encodeproject.org/files/ENCFF565ZQD/@@download/ENCFF565ZQD.fastq.gz	ENCFF565ZQD.fastq.gz	s3://encode-public/2017/04/26/3a4ae991-2077-4692-bfaf-8360c12b18c8/ENCFF565ZQD.fastq.gz	b2714e69f1d4187a1811c5566df73e8d		
ENCSR000COU	ENCSR000COU_2_1	human	H1	The libraries contained in this experiment come from the whole cell fraction of independent growths of the human embryonic stem cell line H1-hESC. They are stranded PE76 Illumina GAIIx RNA-Seq libraries from rRNA-depleted Poly-A+ RNA > 200 nucleotides in size.	OBI:0002571	polyA plus RNA-seq	Illumina Genome Analyzer IIx	76	https://www.encodeproject.org/files/ENCFF000FET/@@download/ENCFF000FET.fastq.gz	ENCFF000FET.fastq.gz	s3://encode-public/2011/07/13/d33ed019-4cab-446e-9dc9-408aba9a295c/ENCFF000FET.fastq.gz	1cd19e04f2194bd528607a5468179163	https://www.encodeproject.org/files/ENCFF000FET/@@download/ENCFF000FET.fastq.gz	ENCFF000FET.fastq.gz	s3://encode-public/2011/07/13/d33ed019-4cab-446e-9dc9-408aba9a295c/ENCFF000FET.fastq.gz	1cd19e04f2194bd528607a5468179163		
ENCSR000COU	ENCSR000COU_1_1	human	H1	The libraries contained in this experiment come from the whole cell fraction of independent growths of the human embryonic stem cell line H1-hESC. They are stranded PE76 Illumina GAIIx RNA-Seq libraries from rRNA-depleted Poly-A+ RNA > 200 nucleotides in size.	OBI:0002571	polyA plus RNA-seq	Illumina Genome Analyzer IIx	76	https://www.encodeproject.org/files/ENCFF000FEU/@@download/ENCFF000FEU.fastq.gz	ENCFF000FEU.fastq.gz	s3://encode-public/2011/07/13/d5ec0d08-c51b-4168-b761-fb7f11920e2a/ENCFF000FEU.fastq.gz	3e5aef31355e188731b4f0e9988b1e65	https://www.encodeproject.org/files/ENCFF000FEU/@@download/ENCFF000FEU.fastq.gz	ENCFF000FEU.fastq.gz	s3://encode-public/2011/07/13/d5ec0d08-c51b-4168-b761-fb7f11920e2a/ENCFF000FEU.fastq.gz	3e5aef31355e188731b4f0e9988b1e65		
ENCSR274JRR	ENCSR274JRR_1_1	human	brain	RNA-seq of human brain tissue. The second technical replicate was performed in May 2015 and was not part of the original Lin et al. 2014 publication (PMID:25413365).	OBI:0002571	polyA plus RNA-seq	Illumina HiSeq 2000	100	https://www.encodeproject.org/files/ENCFF850ZLY/@@download/ENCFF850ZLY.fastq.gz	ENCFF850ZLY.fastq.gz	s3://encode-public/2015/01/07/493bbffb-d4ac-419a-a01f-b4f79e8a5b8f/ENCFF850ZLY.fastq.gz	b02a5ab43ad387c33653b3e8fa27191d	https://www.encodeproject.org/files/ENCFF850ZLY/@@download/ENCFF850ZLY.fastq.gz	ENCFF850ZLY.fastq.gz	s3://encode-public/2015/01/07/493bbffb-d4ac-419a-a01f-b4f79e8a5b8f/ENCFF850ZLY.fastq.gz	b02a5ab43ad387c33653b3e8fa27191d		
ENCSR274JRR	ENCSR274JRR_1_2	human	brain	RNA-seq of human brain tissue. The second technical replicate was performed in May 2015 and was not part of the original Lin et al. 2014 publication (PMID:25413365).	OBI:0002571	polyA plus RNA-seq	Illumina HiSeq 2500	101	https://www.encodeproject.org/files/ENCFF456MMS/@@download/ENCFF456MMS.fastq.gz	ENCFF456MMS.fastq.gz	s3://encode-public/2015/05/27/c99827c1-3476-4570-8290-c5d98ce3befc/ENCFF456MMS.fastq.gz	f345a1c76b399b2fa018b85e46604fe6	https://www.encodeproject.org/files/ENCFF456MMS/@@download/ENCFF456MMS.fastq.gz	ENCFF456MMS.fastq.gz	s3://encode-public/2015/05/27/c99827c1-3476-4570-8290-c5d98ce3befc/ENCFF456MMS.fastq.gz	f345a1c76b399b2fa018b85e46604fe6		
ENCSR085HNI	ENCSR085HNI_1_1	human	liver	RNA-seq of human liver tissue. The second technical replicate was performed in May 2015 and was not part of the original Lin et al. 2014 publication (PMID:25413365).	OBI:0002571	polyA plus RNA-seq	Illumina HiSeq 2000	100	https://www.encodeproject.org/files/ENCFF187OKV/@@download/ENCFF187OKV.fastq.gz	ENCFF187OKV.fastq.gz	s3://encode-public/2014/12/03/ab018f31-eee8-43b4-a263-f24f475acd3d/ENCFF187OKV.fastq.gz	8d07da93bf7ea095bc64cb7f643ddd30	https://www.encodeproject.org/files/ENCFF187OKV/@@download/ENCFF187OKV.fastq.gz	ENCFF187OKV.fastq.gz	s3://encode-public/2014/12/03/ab018f31-eee8-43b4-a263-f24f475acd3d/ENCFF187OKV.fastq.gz	8d07da93bf7ea095bc64cb7f643ddd30		
ENCSR085HNI	ENCSR085HNI_1_2	human	liver	RNA-seq of human liver tissue. The second technical replicate was performed in May 2015 and was not part of the original Lin et al. 2014 publication (PMID:25413365).	OBI:0002571	polyA plus RNA-seq	Illumina HiSeq 2500	101	https://www.encodeproject.org/files/ENCFF650JAM/@@download/ENCFF650JAM.fastq.gz	ENCFF650JAM.fastq.gz	s3://encode-public/2015/05/27/6bce6aa6-2dd6-47e1-94b8-ca7ec8fe41f9/ENCFF650JAM.fastq.gz	31b178872f0f562840e654e8e7b2d5d1	https://www.encodeproject.org/files/ENCFF650JAM/@@download/ENCFF650JAM.fastq.gz	ENCFF650JAM.fastq.gz	s3://encode-public/2015/05/27/6bce6aa6-2dd6-47e1-94b8-ca7ec8fe41f9/ENCFF650JAM.fastq.gz	31b178872f0f562840e654e8e7b2d5d1		
ENCSR714KDG	ENCSR714KDG_1_1	human	liver		OBI:0002571	polyA plus RNA-seq	Illumina HiSeq 2000	100	https://www.encodeproject.org/files/ENCFF367XVO/@@download/ENCFF367XVO.fastq.gz	ENCFF367XVO.fastq.gz	s3://encode-public/2017/11/11/abb19e50-a36d-46bc-a03d-56ac90fc0ecb/ENCFF367XVO.fastq.gz	2deb3b635b59e66647a8644224d9cbc3	https://www.encodeproject.org/files/ENCFF367XVO/@@download/ENCFF367XVO.fastq.gz	ENCFF367XVO.fastq.gz	s3://encode-public/2017/11/11/abb19e50-a36d-46bc-a03d-56ac90fc0ecb/ENCFF367XVO.fastq.gz	2deb3b635b59e66647a8644224d9cbc3		
ENCSR714KDG	ENCSR714KDG_1_1	human	liver		OBI:0002571	polyA plus RNA-seq	Illumina HiSeq 2000	100	https://www.encodeproject.org/files/ENCFF938MAS/@@download/ENCFF938MAS.fastq.gz	ENCFF938MAS.fastq.gz	s3://encode-public/2017/11/11/ec9f488a-218d-4985-8151-fdb30ea7c090/ENCFF938MAS.fastq.gz	f7e019b84499d0ba5d1c17ce0766617c	https://www.encodeproject.org/files/ENCFF938MAS/@@download/ENCFF938MAS.fastq.gz	ENCFF938MAS.fastq.gz	s3://encode-public/2017/11/11/ec9f488a-218d-4985-8151-fdb30ea7c090/ENCFF938MAS.fastq.gz	f7e019b84499d0ba5d1c17ce0766617c		
ENCSR000EYN	ENCSR000EYN_1_1	human	GM12878	RNA-seq on human GM12878 (paired-ended)	OBI:0002571	polyA plus RNA-seq	Illumina Genome Analyzer II	76	https://www.encodeproject.org/files/ENCFF000CXV/@@download/ENCFF000CXV.fastq.gz	ENCFF000CXV.fastq.gz	s3://encode-public/2012/03/23/9d8425c0-7d62-4516-9151-dce6c5b3b291/ENCFF000CXV.fastq.gz	c169ace5e40638ef1ffa6b094db4c7be	https://www.encodeproject.org/files/ENCFF000CXV/@@download/ENCFF000CXV.fastq.gz	ENCFF000CXV.fastq.gz	s3://encode-public/2012/03/23/9d8425c0-7d62-4516-9151-dce6c5b3b291/ENCFF000CXV.fastq.gz	c169ace5e40638ef1ffa6b094db4c7be		
ENCSR000EYN	ENCSR000EYN_2_1	human	GM12878	RNA-seq on human GM12878 (paired-ended)	OBI:0002571	polyA plus RNA-seq	Illumina Genome Analyzer II	76	https://www.encodeproject.org/files/ENCFF000CYF/@@download/ENCFF000CYF.fastq.gz	ENCFF000CYF.fastq.gz	s3://encode-public/2012/03/23/aeaff154-b18e-4980-87b8-966fe2db68ea/ENCFF000CYF.fastq.gz	445c62fc8c4242eb9e1fc07dfff600c9	https://www.encodeproject.org/files/ENCFF000CYF/@@download/ENCFF000CYF.fastq.gz	ENCFF000CYF.fastq.gz	s3://encode-public/2012/03/23/aeaff154-b18e-4980-87b8-966fe2db68ea/ENCFF000CYF.fastq.gz	445c62fc8c4242eb9e1fc07dfff600c9		
ENCSR000EYN	ENCSR000EYN_1_1	human	GM12878	RNA-seq on human GM12878 (paired-ended)	OBI:0002571	polyA plus RNA-seq	Illumina Genome Analyzer II	76	https://www.encodeproject.org/files/ENCFF000CXW/@@download/ENCFF000CXW.fastq.gz	ENCFF000CXW.fastq.gz	s3://encode-public/2012/3/23/0844d2db-b1f7-4ea3-b599-65000aa83f81/ENCFF000CXW.fastq.gz	603641fbab1c6e597d5449f3d669d380	https://www.encodeproject.org/files/ENCFF000CXW/@@download/ENCFF000CXW.fastq.gz	ENCFF000CXW.fastq.gz	s3://encode-public/2012/3/23/0844d2db-b1f7-4ea3-b599-65000aa83f81/ENCFF000CXW.fastq.gz	603641fbab1c6e597d5449f3d669d380		
ENCSR000EYN	ENCSR000EYN_2_1	human	GM12878	RNA-seq on human GM12878 (paired-ended)	OBI:0002571	polyA plus RNA-seq	Illumina Genome Analyzer IIx	76	https://www.encodeproject.org/files/ENCFF000CYH/@@download/ENCFF000CYH.fastq.gz	ENCFF000CYH.fastq.gz	s3://encode-public/2012/3/23/8cfce818-e9a0-4fbd-89e2-5fec3cc2abbb/ENCFF000CYH.fastq.gz	e15d247cf3fe87dec2a7fea9f2a84900	https://www.encodeproject.org/files/ENCFF000CYH/@@download/ENCFF000CYH.fastq.gz	ENCFF000CYH.fastq.gz	s3://encode-public/2012/3/23/8cfce818-e9a0-4fbd-89e2-5fec3cc2abbb/ENCFF000CYH.fastq.gz	e15d247cf3fe87dec2a7fea9f2a84900		
ENCSR000EYN	ENCSR000EYN_2_1	human	GM12878	RNA-seq on human GM12878 (paired-ended)	OBI:0002571	polyA plus RNA-seq	Illumina Genome Analyzer	76	https://www.encodeproject.org/files/ENCFF000CYK/@@download/ENCFF000CYK.fastq.gz	ENCFF000CYK.fastq.gz	s3://encode-public/2012/3/23/38f01325-24e1-4797-b553-086fec34c7fe/ENCFF000CYK.fastq.gz	333cc7766614e0c8008fcbf8eaf165d9	https://www.encodeproject.org/files/ENCFF000CYK/@@download/ENCFF000CYK.fastq.gz	ENCFF000CYK.fastq.gz	s3://encode-public/2012/3/23/38f01325-24e1-4797-b553-086fec34c7fe/ENCFF000CYK.fastq.gz	333cc7766614e0c8008fcbf8eaf165d9		
ENCSR000EYN	ENCSR000EYN_1_1	human	GM12878	RNA-seq on human GM12878 (paired-ended)	OBI:0002571	polyA plus RNA-seq	Illumina Genome Analyzer IIx	76	https://www.encodeproject.org/files/ENCFF000CXY/@@download/ENCFF000CXY.fastq.gz	ENCFF000CXY.fastq.gz	s3://encode-public/2012/3/23/eabd8205-cb2b-49dc-9a8d-e7631d33e176/ENCFF000CXY.fastq.gz	ba9fd3f41b454a8b76f16cfeade6ff3f	https://www.encodeproject.org/files/ENCFF000CXY/@@download/ENCFF000CXY.fastq.gz	ENCFF000CXY.fastq.gz	s3://encode-public/2012/3/23/eabd8205-cb2b-49dc-9a8d-e7631d33e176/ENCFF000CXY.fastq.gz	ba9fd3f41b454a8b76f16cfeade6ff3f		
ENCSR000EYN	ENCSR000EYN_2_1	human	GM12878	RNA-seq on human GM12878 (paired-ended)	OBI:0002571	polyA plus RNA-seq	Illumina Genome Analyzer II	76	https://www.encodeproject.org/files/ENCFF000CYG/@@download/ENCFF000CYG.fastq.gz	ENCFF000CYG.fastq.gz	s3://encode-public/2012/3/23/a5d8dccc-e084-4b57-babe-e7d8e9ed1c10/ENCFF000CYG.fastq.gz	be143f3b5277b90112539c68f87b3824	https://www.encodeproject.org/files/ENCFF000CYG/@@download/ENCFF000CYG.fastq.gz	ENCFF000CYG.fastq.gz	s3://encode-public/2012/3/23/a5d8dccc-e084-4b57-babe-e7d8e9ed1c10/ENCFF000CYG.fastq.gz	be143f3b5277b90112539c68f87b3824		
ENCSR000EYN	ENCSR000EYN_1_1	human	GM12878	RNA-seq on human GM12878 (paired-ended)	OBI:0002571	polyA plus RNA-seq	Illumina Genome Analyzer IIx	76	https://www.encodeproject.org/files/ENCFF000CXX/@@download/ENCFF000CXX.fastq.gz	ENCFF000CXX.fastq.gz	s3://encode-public/2012/3/23/886810be-973d-4f5d-9f58-5913cf477171/ENCFF000CXX.fastq.gz	81f33a7ea584195d70f756b57fe8c353	https://www.encodeproject.org/files/ENCFF000CXX/@@download/ENCFF000CXX.fastq.gz	ENCFF000CXX.fastq.gz	s3://encode-public/2012/3/23/886810be-973d-4f5d-9f58-5913cf477171/ENCFF000CXX.fastq.gz	81f33a7ea584195d70f756b57fe8c353		
ENCSR000COQ	ENCSR000COQ_1_1	human	GM12878	The libraries contained in this experiment come from the whole cell fraction of independent growths of cell line GM12878. They are stranded PE76 Illumina GAIIx RNA-Seq libraries from rRNA-depleted Poly-A+ RNA > 200 nucleotides in size.	OBI:0002571	polyA plus RNA-seq	Illumina Genome Analyzer IIx	76	https://www.encodeproject.org/files/ENCFF000EWJ/@@download/ENCFF000EWJ.fastq.gz	ENCFF000EWJ.fastq.gz	s3://encode-public/2011/07/13/1a31dc0e-3749-47a9-94ed-079c9d4edde4/ENCFF000EWJ.fastq.gz	84f543d1cf92a7f36dfe4deed4d44b47	https://www.encodeproject.org/files/ENCFF000EWJ/@@download/ENCFF000EWJ.fastq.gz	ENCFF000EWJ.fastq.gz	s3://encode-public/2011/07/13/1a31dc0e-3749-47a9-94ed-079c9d4edde4/ENCFF000EWJ.fastq.gz	84f543d1cf92a7f36dfe4deed4d44b47		
ENCSR000COQ	ENCSR000COQ_2_1	human	GM12878	The libraries contained in this experiment come from the whole cell fraction of independent growths of cell line GM12878. They are stranded PE76 Illumina GAIIx RNA-Seq libraries from rRNA-depleted Poly-A+ RNA > 200 nucleotides in size.	OBI:0002571	polyA plus RNA-seq	Illumina Genome Analyzer IIx	76	https://www.encodeproject.org/files/ENCFF000EWW/@@download/ENCFF000EWW.fastq.gz	ENCFF000EWW.fastq.gz	s3://encode-public/2011/07/13/087a48af-41f5-428f-91a3-1712f8648671/ENCFF000EWW.fastq.gz	2749ae678910489f1a7560c35b4ef79b	https://www.encodeproject.org/files/ENCFF000EWW/@@download/ENCFF000EWW.fastq.gz	ENCFF000EWW.fastq.gz	s3://encode-public/2011/07/13/087a48af-41f5-428f-91a3-1712f8648671/ENCFF000EWW.fastq.gz	2749ae678910489f1a7560c35b4ef79b		
ENCSR000COR	ENCSR000COR_2_1	human	GM12878	The libraries contained in this experiment come from the cytoplasmic fraction of independent growths of cell line GM12878. They are stranded PE76 Illumina GAIIx RNA-Seq libraries from rRNA-depleted Poly-A+ RNA > 200 nucleotides in size.	OBI:0002571	polyA plus RNA-seq	Illumina Genome Analyzer IIx	76	https://www.encodeproject.org/files/ENCFF000EZF/@@download/ENCFF000EZF.fastq.gz	ENCFF000EZF.fastq.gz	s3://encode-public/2011/07/13/4c9138d3-d771-420d-b20f-3887644b5c06/ENCFF000EZF.fastq.gz	b6b464edc8e5d6ce457547236801ff90	https://www.encodeproject.org/files/ENCFF000EZF/@@download/ENCFF000EZF.fastq.gz	ENCFF000EZF.fastq.gz	s3://encode-public/2011/07/13/4c9138d3-d771-420d-b20f-3887644b5c06/ENCFF000EZF.fastq.gz	b6b464edc8e5d6ce457547236801ff90		
ENCSR000COR	ENCSR000COR_1_1	human	GM12878	The libraries contained in this experiment come from the cytoplasmic fraction of independent growths of cell line GM12878. They are stranded PE76 Illumina GAIIx RNA-Seq libraries from rRNA-depleted Poly-A+ RNA > 200 nucleotides in size.	OBI:0002571	polyA plus RNA-seq	Illumina Genome Analyzer IIx	76	https://www.encodeproject.org/files/ENCFF000EZH/@@download/ENCFF000EZH.fastq.gz	ENCFF000EZH.fastq.gz	s3://encode-public/2011/07/13/f0e3c530-b566-4d28-9076-e2ca54eec184/ENCFF000EZH.fastq.gz	a1ae3657fe595fdf38f6b55381f8cad7	https://www.encodeproject.org/files/ENCFF000EZH/@@download/ENCFF000EZH.fastq.gz	ENCFF000EZH.fastq.gz	s3://encode-public/2011/07/13/f0e3c530-b566-4d28-9076-e2ca54eec184/ENCFF000EZH.fastq.gz	a1ae3657fe595fdf38f6b55381f8cad7		
ENCSR000CPO	ENCSR000CPO_1_1	human	GM12878	The libraries contained in this experiment come from the nuclear fraction of independent growths of cell line GM12878. They are stranded PE76 Illumina GAIIx RNA-Seq libraries from rRNA-depleted Poly-A+ RNA > 200 nucleotides in size.	OBI:0002571	polyA plus RNA-seq	Illumina Genome Analyzer IIx	76	https://www.encodeproject.org/files/ENCFF000FCG/@@download/ENCFF000FCG.fastq.gz	ENCFF000FCG.fastq.gz	s3://encode-public/2011/07/13/cabdabfd-2726-4417-96ea-6bd0f29153b5/ENCFF000FCG.fastq.gz	1c5c74e824e949024be76652adf53bbb	https://www.encodeproject.org/files/ENCFF000FCG/@@download/ENCFF000FCG.fastq.gz	ENCFF000FCG.fastq.gz	s3://encode-public/2011/07/13/cabdabfd-2726-4417-96ea-6bd0f29153b5/ENCFF000FCG.fastq.gz	1c5c74e824e949024be76652adf53bbb		
ENCSR000CPO	ENCSR000CPO_2_1	human	GM12878	The libraries contained in this experiment come from the nuclear fraction of independent growths of cell line GM12878. They are stranded PE76 Illumina GAIIx RNA-Seq libraries from rRNA-depleted Poly-A+ RNA > 200 nucleotides in size.	OBI:0002571	polyA plus RNA-seq	Illumina Genome Analyzer IIx	76	https://www.encodeproject.org/files/ENCFF000FCH/@@download/ENCFF000FCH.fastq.gz	ENCFF000FCH.fastq.gz	s3://encode-public/2011/07/13/19f9f1ea-c17a-4e69-9e3d-920f808d56b4/ENCFF000FCH.fastq.gz	91a109ea3435de4ce301abc4e7b1f92a	https://www.encodeproject.org/files/ENCFF000FCH/@@download/ENCFF000FCH.fastq.gz	ENCFF000FCH.fastq.gz	s3://encode-public/2011/07/13/19f9f1ea-c17a-4e69-9e3d-920f808d56b4/ENCFF000FCH.fastq.gz	91a109ea3435de4ce301abc4e7b1f92a		
ENCSR000AEG	ENCSR000AEG_2_1	human	GM12878	PolyA RNA-Seq from oligo-dT primed Total RNA on the GM12878 cell line	OBI:0002571	polyA plus RNA-seq	Illumina HiSeq 2000	100	https://www.encodeproject.org/files/ENCFF001RVS/@@download/ENCFF001RVS.fastq.gz	ENCFF001RVS.fastq.gz	s3://encode-public/2013/12/02/61b42bb8-8192-4791-9127-b0dfb7faee8d/ENCFF001RVS.fastq.gz	731a5aee5616ab7ec2dce7102d750715	https://www.encodeproject.org/files/ENCFF001RVS/@@download/ENCFF001RVS.fastq.gz	ENCFF001RVS.fastq.gz	s3://encode-public/2013/12/02/61b42bb8-8192-4791-9127-b0dfb7faee8d/ENCFF001RVS.fastq.gz	731a5aee5616ab7ec2dce7102d750715		
ENCSR000AEG	ENCSR000AEG_1_1	human	GM12878	PolyA RNA-Seq from oligo-dT primed Total RNA on the GM12878 cell line	OBI:0002571	polyA plus RNA-seq	Illumina HiSeq 2000	100	https://www.encodeproject.org/files/ENCFF001RVY/@@download/ENCFF001RVY.fastq.gz	ENCFF001RVY.fastq.gz	s3://encode-public/2013/12/02/bf288bbd-4c44-4495-a56b-cfcfbbf50af1/ENCFF001RVY.fastq.gz	8914a0a3895b96cd6dc96e4b8ff71493	https://www.encodeproject.org/files/ENCFF001RVY/@@download/ENCFF001RVY.fastq.gz	ENCFF001RVY.fastq.gz	s3://encode-public/2013/12/02/bf288bbd-4c44-4495-a56b-cfcfbbf50af1/ENCFF001RVY.fastq.gz	8914a0a3895b96cd6dc96e4b8ff71493		
ENCSR000AEF	ENCSR000AEF_2_1	human	GM12878	RNA Evaluation Gm12878 Long Poly-A+  from Graveley	OBI:0002571	polyA plus RNA-seq	Illumina HiSeq 2000	100	https://www.encodeproject.org/files/ENCFF001RDF/@@download/ENCFF001RDF.fastq.gz	ENCFF001RDF.fastq.gz	s3://encode-public/2013/05/19/9644554c-9b7a-4b55-aa41-7ab5df1cb3fa/ENCFF001RDF.fastq.gz	ae94b1136c4bb50a5a535e5cd3ebbdb0	https://www.encodeproject.org/files/ENCFF001RDF/@@download/ENCFF001RDF.fastq.gz	ENCFF001RDF.fastq.gz	s3://encode-public/2013/05/19/9644554c-9b7a-4b55-aa41-7ab5df1cb3fa/ENCFF001RDF.fastq.gz	ae94b1136c4bb50a5a535e5cd3ebbdb0		
ENCSR000AEF	ENCSR000AEF_1_1	human	GM12878	RNA Evaluation Gm12878 Long Poly-A+  from Graveley	OBI:0002571	polyA plus RNA-seq	Illumina HiSeq 2000	100	https://www.encodeproject.org/files/ENCFF001RDG/@@download/ENCFF001RDG.fastq.gz	ENCFF001RDG.fastq.gz	s3://encode-public/2013/05/19/2ae6eaf6-ae37-45f8-b30a-64647a049c25/ENCFF001RDG.fastq.gz	8dd185f02c3c3f469af69db97ad3974c	https://www.encodeproject.org/files/ENCFF001RDG/@@download/ENCFF001RDG.fastq.gz	ENCFF001RDG.fastq.gz	s3://encode-public/2013/05/19/2ae6eaf6-ae37-45f8-b30a-64647a049c25/ENCFF001RDG.fastq.gz	8dd185f02c3c3f469af69db97ad3974c		
ENCSR000AEH	ENCSR000AEH_2_1	human	GM12878	RNA Evaluation Gm12878 Long Poly-A+ RNA-seq from Wold	OBI:0002571	polyA plus RNA-seq	Illumina HiSeq 2000	101	https://www.encodeproject.org/files/ENCFF001RVX/@@download/ENCFF001RVX.fastq.gz	ENCFF001RVX.fastq.gz	s3://encode-public/2013/12/02/21a71907-63e4-4107-9d31-42bd835e5738/ENCFF001RVX.fastq.gz	e0faa476953ba368a3bcce5beccc1c92	https://www.encodeproject.org/files/ENCFF001RVX/@@download/ENCFF001RVX.fastq.gz	ENCFF001RVX.fastq.gz	s3://encode-public/2013/12/02/21a71907-63e4-4107-9d31-42bd835e5738/ENCFF001RVX.fastq.gz	e0faa476953ba368a3bcce5beccc1c92		
ENCSR000AEH	ENCSR000AEH_1_1	human	GM12878	RNA Evaluation Gm12878 Long Poly-A+ RNA-seq from Wold	OBI:0002571	polyA plus RNA-seq	Illumina HiSeq 2000	101	https://www.encodeproject.org/files/ENCFF001RVT/@@download/ENCFF001RVT.fastq.gz	ENCFF001RVT.fastq.gz	s3://encode-public/2013/12/02/e28f041f-22e4-480a-8bdb-8926603de0f7/ENCFF001RVT.fastq.gz	32efe2417b0e5e87f2ebffd8f111e70e	https://www.encodeproject.org/files/ENCFF001RVT/@@download/ENCFF001RVT.fastq.gz	ENCFF001RVT.fastq.gz	s3://encode-public/2013/12/02/e28f041f-22e4-480a-8bdb-8926603de0f7/ENCFF001RVT.fastq.gz	32efe2417b0e5e87f2ebffd8f111e70e		
ENCSR077AZT	ENCSR077AZT_2_1	human	GM12878	RNA-seq on human GM12878 (paired-ended, insert length is 400)	OBI:0002571	polyA plus RNA-seq	Illumina Genome Analyzer IIx	76	https://www.encodeproject.org/files/ENCFF000DAG/@@download/ENCFF000DAG.fastq.gz	ENCFF000DAG.fastq.gz	s3://encode-public/2012/03/23/58a4e89c-a95f-4fe3-a5d5-ef69795e2d4f/ENCFF000DAG.fastq.gz	52bf170f24c255bd88ef572adba85749	https://www.encodeproject.org/files/ENCFF000DAG/@@download/ENCFF000DAG.fastq.gz	ENCFF000DAG.fastq.gz	s3://encode-public/2012/03/23/58a4e89c-a95f-4fe3-a5d5-ef69795e2d4f/ENCFF000DAG.fastq.gz	52bf170f24c255bd88ef572adba85749		
ENCSR077AZT	ENCSR077AZT_2_1	human	GM12878	RNA-seq on human GM12878 (paired-ended, insert length is 400)	OBI:0002571	polyA plus RNA-seq	Illumina Genome Analyzer	76	https://www.encodeproject.org/files/ENCFF000DAH/@@download/ENCFF000DAH.fastq.gz	ENCFF000DAH.fastq.gz	s3://encode-public/2012/3/23/348cf001-d2ed-4514-9920-cd3fe7bbe3ae/ENCFF000DAH.fastq.gz	4fb7f0aa271d4288c9c0b3d42df0bfdf	https://www.encodeproject.org/files/ENCFF000DAH/@@download/ENCFF000DAH.fastq.gz	ENCFF000DAH.fastq.gz	s3://encode-public/2012/3/23/348cf001-d2ed-4514-9920-cd3fe7bbe3ae/ENCFF000DAH.fastq.gz	4fb7f0aa271d4288c9c0b3d42df0bfdf		
ENCSR077AZT	ENCSR077AZT_2_1	human	GM12878	RNA-seq on human GM12878 (paired-ended, insert length is 400)	OBI:0002571	polyA plus RNA-seq	Illumina Genome Analyzer	76	https://www.encodeproject.org/files/ENCFF000DAI/@@download/ENCFF000DAI.fastq.gz	ENCFF000DAI.fastq.gz	s3://encode-public/2012/3/23/e1b9d781-761c-4a4c-9f04-d00c3c82ea6f/ENCFF000DAI.fastq.gz	40214f58189ae571fd359f41d221b2ad	https://www.encodeproject.org/files/ENCFF000DAI/@@download/ENCFF000DAI.fastq.gz	ENCFF000DAI.fastq.gz	s3://encode-public/2012/3/23/e1b9d781-761c-4a4c-9f04-d00c3c82ea6f/ENCFF000DAI.fastq.gz	40214f58189ae571fd359f41d221b2ad		
ENCSR000AED	ENCSR000AED_2_1	human	GM12878	The libraries contained in this experiment come from independent growths of cell line GM12878.  They are stranded PE101 Illumina Hi-Seq RNA-Seq libraries from rRNA-depleted Poly-A+ RNA > 200 nucleotides in size.  These data were collected as part of the RNA Evaluation Study.	OBI:0002571	polyA plus RNA-seq	Illumina HiSeq 2000	101	https://www.encodeproject.org/files/ENCFF001REI/@@download/ENCFF001REI.fastq.gz	ENCFF001REI.fastq.gz	s3://encode-public/2013/06/13/03d46224-0f40-4796-a519-80c626163e47/ENCFF001REI.fastq.gz	5b7e180e67d158847fc7a374979e0a46	https://www.encodeproject.org/files/ENCFF001REI/@@download/ENCFF001REI.fastq.gz	ENCFF001REI.fastq.gz	s3://encode-public/2013/06/13/03d46224-0f40-4796-a519-80c626163e47/ENCFF001REI.fastq.gz	5b7e180e67d158847fc7a374979e0a46		
ENCSR000AED	ENCSR000AED_1_1	human	GM12878	The libraries contained in this experiment come from independent growths of cell line GM12878.  They are stranded PE101 Illumina Hi-Seq RNA-Seq libraries from rRNA-depleted Poly-A+ RNA > 200 nucleotides in size.  These data were collected as part of the RNA Evaluation Study.	OBI:0002571	polyA plus RNA-seq	Illumina HiSeq 2000	101	https://www.encodeproject.org/files/ENCFF001REK/@@download/ENCFF001REK.fastq.gz	ENCFF001REK.fastq.gz	s3://encode-public/2013/06/13/c653a32e-e618-42b1-b8b8-b3b838847b97/ENCFF001REK.fastq.gz	0055876c86d1909b7b7ff0e5497bd92b	https://www.encodeproject.org/files/ENCFF001REK/@@download/ENCFF001REK.fastq.gz	ENCFF001REK.fastq.gz	s3://encode-public/2013/06/13/c653a32e-e618-42b1-b8b8-b3b838847b97/ENCFF001REK.fastq.gz	0055876c86d1909b7b7ff0e5497bd92b		
